Mar Azul,18.1513,-65.4429
La Tabla,18.15,-65.4428
El Plaza,18.1494,-65.4417
Taverna,18.1502,-65.4413
D'Frozz,18.1488,-65.4421
Rising Roost,18.1493,-65.4426
Mesita,18.1492,-65.443
Passione,18.1477,-65.4428
El Reencuentro,18.1491,-65.4419
Burgernauta,18.1482,-65.4413
Vieques Bakery,18.1477,-65.4411
Casa Nativo,18.1468,-65.4411
Bieke's Bistro,18.1471,-65.4411
Mama Mia,18.1473,-65.4413
Mar Azul,18.1471,-65.4414
Lydia's Bakery,18.1505,-65.4429
El Yate,18.1529,-65.4428
El Norte,18.1526,-65.4425
William's Pizza,18.1489,-65.4424
Mana,18.1463,-65.4417
Gracias De Nada,18.1219,-65.4381
La Palma,18.1492,-65.4423
Mango Taphouse,18.1272,-65.4628
El Blok Resturant,18.0952,-65.4716
Cafe Del Mar,18.0952,-65.472
El Quenepo,18.0952,-65.4725
Bili,18.0953,-65.4731
Bananas,18.0954,-65.4733
Duffy's,18.0954,-65.4734
Lazy Jacks,18.0958,-65.4748
Kristy's,18.0959,-65.475
Trade Winds,18.096,-65.4756
Rancho Choli,18.0975,-65.4741
Robins Mojito Bar,18.1004,-65.4849
Carambola,18.0966,-65.4852